fecha,g95_es,diesel_es,g95_01,diesel_01,g95_02,diesel_02,g95_03,diesel_03,g95_04,diesel_04,g95_05,diesel_05,g95_06,diesel_06,g95_07,diesel_07,g95_08,diesel_08,g95_09,diesel_09,g95_10,diesel_10,g95_11,diesel_11,g95_12,diesel_12,g95_13,diesel_13,g95_14,diesel_14,g95_15,diesel_15,g95_16,diesel_16,g95_17,diesel_17,g95_18,diesel_18,g95_19,diesel_19,g95_20,diesel_20,g95_21,diesel_21,g95_22,diesel_22,g95_23,diesel_23,g95_24,diesel_24,g95_25,diesel_25,g95_26,diesel_26,g95_27,diesel_27,g95_28,diesel_28,g95_29,diesel_29,g95_30,diesel_30,g95_31,diesel_31,g95_32,diesel_32,g95_33,diesel_33,g95_34,diesel_34,g95_35,diesel_35,g95_36,diesel_36,g95_37,diesel_37,g95_38,diesel_38,g95_39,diesel_39,g95_40,diesel_40,g95_41,diesel_41,g95_42,diesel_42,g95_43,diesel_43,g95_44,diesel_44,g95_45,diesel_45,g95_46,diesel_46,g95_47,diesel_47,g95_48,diesel_48,g95_49,diesel_49,g95_50,diesel_50,g95_51,diesel_51,g95_52,diesel_52
2026-09-28,1.935,1.932,1.958,1.948,1.956,1.949,1.966,1.93,1.912,1.91,1.984,1.995,1.938,1.935,2.047,2.044,1.918,1.925,1.982,1.943,1.975,1.983,1.974,1.943,1.932,1.937,1.932,1.929,1.934,1.956,1.977,1.948,1.985,1.955,1.951,1.922,1.947,1.936,1.974,1.968,1.98,1.977,1.976,1.971,1.944,1.933,1.944,1.973,1.959,1.971,1.893,1.885,1.941,1.932,1.991,1.98,1.963,1.959,1.978,1.978,1.931,1.92,1.931,1.904,1.978,1.971,1.998,1.992,2.006,1.989,1.515,1.663,1.968,1.96,1.968,1.952,1.574,1.724,1.982,1.962,1.972,1.958,1.934,1.939,1.944,1.922,1.942,1.911,1.948,1.917,1.968,1.962,1.926,1.899,1.967,1.948,1.969,1.937,1.968,1.955,1.953,1.924,1.694,1.738,1.567,1.551
2026-09-29,1.935,1.929,1.96,1.947,1.956,1.946,1.968,1.929,1.91,1.906,1.982,1.993,1.938,1.933,2.048,2.043,1.919,1.919,1.977,1.938,1.973,1.98,1.976,1.942,1.931,1.933,1.934,1.928,1.937,1.955,1.976,1.946,1.986,1.954,1.952,1.918,1.95,1.936,1.973,1.965,1.978,1.972,1.975,1.969,1.944,1.927,1.945,1.973,1.957,1.968,1.893,1.878,1.942,1.932,1.989,1.979,1.961,1.955,1.979,1.975,1.932,1.919,1.93,1.899,1.978,1.969,1.996,1.988,2.004,1.978,1.514,1.665,1.969,1.958,1.963,1.944,1.574,1.726,1.979,1.959,1.971,1.956,1.935,1.937,1.943,1.917,1.943,1.903,1.947,1.915,1.965,1.958,1.926,1.896,1.965,1.943,1.971,1.938,1.965,1.951,1.952,1.921,1.694,1.74,1.57,1.553
2026-09-30,1.931,1.924,1.958,1.941,1.954,1.942,1.964,1.924,1.909,1.904,1.977,1.988,1.937,1.93,2.045,2.037,1.915,1.912,1.963,1.935,1.97,1.976,1.974,1.938,1.93,1.93,1.931,1.925,1.934,1.952,1.966,1.94,1.983,1.949,1.948,1.913,1.948,1.933,1.97,1.959,1.975,1.967,1.974,1.964,1.941,1.924,1.942,1.967,1.953,1.962,1.891,1.874,1.938,1.928,1.986,1.973,1.958,1.95,1.981,1.973,1.931,1.916,1.921,1.892,1.974,1.964,1.993,1.984,1.995,1.97,1.517,1.668,1.963,1.951,1.958,1.937,1.577,1.727,1.975,1.952,1.963,1.949,1.934,1.933,1.938,1.91,1.938,1.894,1.942,1.909,1.963,1.956,1.923,1.891,1.96,1.938,1.967,1.934,1.961,1.946,1.947,1.915,1.694,1.74,1.577,1.56
2026-10-01,1.823,1.917,1.848,1.935,1.845,1.934,1.839,1.915,1.827,1.899,1.876,1.984,1.851,1.925,1.922,2.024,1.8,1.903,1.858,1.929,1.863,1.966,1.844,1.931,1.831,1.923,1.828,1.919,1.814,1.946,1.85,1.927,1.904,1.944,1.83,1.907,1.852,1.927,1.842,1.951,1.849,1.96,1.887,1.958,1.829,1.918,1.832,1.96,1.822,1.954,1.809,1.869,1.847,1.92,1.858,1.968,1.816,1.941,1.841,1.965,1.828,1.909,1.847,1.885,1.865,1.953,1.861,1.976,1.873,1.961,1.516,1.667,1.844,1.941,1.814,1.928,1.575,1.727,1.847,1.944,1.856,1.939,1.829,1.928,1.818,1.908,1.815,1.886,1.852,1.898,1.862,1.95,1.822,1.886,1.832,1.932,1.847,1.928,1.86,1.941,1.836,1.909,1.656,1.736,1.581,1.563
2026-10-02,1.811,1.915,1.822,1.932,1.83,1.931,1.826,1.913,1.815,1.897,1.861,1.983,1.84,1.923,1.891,2.018,1.789,1.898,1.842,1.922,1.842,1.962,1.833,1.928,1.826,1.924,1.811,1.918,1.802,1.943,1.834,1.925,1.887,1.941,1.809,1.903,1.835,1.924,1.824,1.946,1.839,1.956,1.867,1.955,1.808,1.914,1.825,1.959,1.809,1.949,1.797,1.865,1.812,1.913,1.845,1.967,1.809,1.939,1.832,1.965,1.816,1.905,1.827,1.881,1.857,1.95,1.842,1.972,1.849,1.959,1.52,1.673,1.824,1.938,1.804,1.927,1.577,1.729,1.836,1.942,1.841,1.939,1.814,1.922,1.806,1.905,1.806,1.884,1.84,1.895,1.848,1.945,1.816,1.885,1.827,1.93,1.825,1.925,1.847,1.939,1.822,1.906,1.629,1.742,1.582,1.565
2026-10-03,1.807,1.913,1.821,1.932,1.827,1.93,1.822,1.911,1.807,1.894,1.857,1.979,1.834,1.921,1.884,2.016,1.786,1.897,1.836,1.921,1.837,1.961,1.829,1.927,1.823,1.922,1.809,1.917,1.802,1.942,1.823,1.922,1.87,1.938,1.809,1.9,1.832,1.923,1.823,1.946,1.835,1.954,1.855,1.952,1.808,1.912,1.822,1.958,1.803,1.948,1.794,1.863,1.806,1.912,1.843,1.966,1.806,1.937,1.83,1.963,1.813,1.904,1.824,1.88,1.845,1.948,1.836,1.97,1.849,1.959,1.521,1.673,1.819,1.934,1.797,1.924,1.578,1.731,1.83,1.94,1.829,1.938,1.809,1.921,1.801,1.904,1.799,1.882,1.836,1.895,1.841,1.943,1.813,1.882,1.825,1.93,1.822,1.923,1.843,1.936,1.818,1.904,1.619,1.742,1.582,1.565
2026-10-04,1.805,1.909,1.822,1.927,1.827,1.925,1.822,1.908,1.805,1.892,1.855,1.975,1.832,1.916,1.882,2.01,1.785,1.893,1.835,1.918,1.833,1.954,1.827,1.923,1.822,1.918,1.806,1.911,1.799,1.936,1.821,1.918,1.864,1.933,1.809,1.895,1.831,1.919,1.823,1.939,1.835,1.95,1.854,1.948,1.808,1.907,1.821,1.954,1.801,1.942,1.793,1.859,1.805,1.906,1.842,1.96,1.804,1.932,1.83,1.959,1.812,1.901,1.823,1.876,1.842,1.941,1.836,1.964,1.848,1.954,1.523,1.674,1.818,1.928,1.797,1.919,1.579,1.731,1.829,1.935,1.829,1.935,1.806,1.917,1.799,1.895,1.797,1.876,1.836,1.889,1.84,1.938,1.812,1.878,1.823,1.924,1.821,1.914,1.838,1.929,1.818,1.9,1.619,1.742,1.582,1.565
2026-10-05,1.799,1.905,1.822,1.924,1.822,1.923,1.816,1.904,1.795,1.888,1.849,1.971,1.821,1.91,1.877,2.006,1.774,1.888,1.827,1.917,1.827,1.952,1.82,1.919,1.807,1.914,1.796,1.905,1.792,1.931,1.817,1.916,1.853,1.928,1.803,1.891,1.824,1.917,1.816,1.937,1.832,1.947,1.846,1.945,1.801,1.904,1.815,1.951,1.8,1.94,1.777,1.854,1.801,1.905,1.836,1.956,1.801,1.927,1.824,1.956,1.805,1.898,1.816,1.872,1.829,1.937,1.832,1.96,1.84,1.949,1.524,1.675,1.815,1.925,1.788,1.914,1.584,1.736,1.82,1.931,1.819,1.931,1.797,1.911,1.789,1.891,1.786,1.873,1.826,1.883,1.833,1.935,1.804,1.872,1.82,1.922,1.818,1.911,1.833,1.925,1.809,1.895,1.619,1.742,1.587,1.57
2026-10-06,1.792,1.897,1.818,1.921,1.818,1.917,1.809,1.894,1.784,1.88,1.843,1.959,1.812,1.902,1.875,2.0,1.765,1.88,1.819,1.909,1.824,1.947,1.815,1.908,1.798,1.901,1.791,1.902,1.787,1.928,1.812,1.905,1.847,1.919,1.799,1.885,1.814,1.908,1.814,1.931,1.827,1.94,1.838,1.936,1.794,1.895,1.806,1.94,1.794,1.932,1.767,1.848,1.798,1.901,1.835,1.951,1.795,1.914,1.818,1.946,1.797,1.886,1.809,1.866,1.824,1.931,1.828,1.953,1.837,1.942,1.522,1.673,1.804,1.92,1.784,1.906,1.583,1.737,1.811,1.924,1.812,1.921,1.788,1.902,1.781,1.889,1.781,1.866,1.812,1.878,1.824,1.929,1.795,1.861,1.81,1.915,1.812,1.906,1.827,1.919,1.802,1.888,1.619,1.742,1.589,1.571
2026-10-07,1.789,1.891,1.813,1.914,1.814,1.909,1.808,1.889,1.778,1.877,1.837,1.952,1.807,1.895,1.874,1.996,1.762,1.874,1.813,1.9,1.821,1.941,1.81,1.902,1.796,1.897,1.785,1.893,1.783,1.923,1.807,1.898,1.843,1.913,1.796,1.88,1.81,1.901,1.809,1.925,1.824,1.936,1.832,1.93,1.79,1.891,1.806,1.932,1.792,1.925,1.761,1.844,1.797,1.897,1.829,1.945,1.792,1.907,1.818,1.941,1.791,1.88,1.803,1.863,1.82,1.923,1.828,1.948,1.827,1.932,1.528,1.676,1.796,1.907,1.781,1.9,1.587,1.738,1.81,1.918,1.809,1.917,1.784,1.895,1.775,1.879,1.779,1.86,1.806,1.865,1.815,1.92,1.79,1.855,1.809,1.91,1.807,1.898,1.825,1.912,1.799,1.882,1.619,1.736,1.598,1.581
2026-10-08,1.786,1.885,1.813,1.912,1.812,1.902,1.806,1.884,1.773,1.872,1.832,1.95,1.806,1.89,1.871,1.987,1.762,1.87,1.81,1.895,1.819,1.935,1.807,1.895,1.793,1.891,1.782,1.887,1.778,1.916,1.804,1.892,1.837,1.907,1.795,1.874,1.805,1.893,1.808,1.921,1.822,1.93,1.832,1.926,1.791,1.888,1.801,1.925,1.785,1.917,1.759,1.84,1.792,1.89,1.827,1.939,1.791,1.9,1.816,1.936,1.785,1.873,1.796,1.864,1.817,1.918,1.827,1.944,1.826,1.925,1.528,1.676,1.794,1.901,1.781,1.895,1.585,1.736,1.813,1.914,1.804,1.907,1.78,1.888,1.773,1.877,1.777,1.854,1.801,1.867,1.812,1.915,1.786,1.848,1.804,1.905,1.807,1.892,1.821,1.905,1.795,1.877,1.619,1.726,1.601,1.597
2026-10-09,1.784,1.885,1.815,1.915,1.805,1.899,1.804,1.881,1.773,1.873,1.829,1.948,1.802,1.89,1.87,1.99,1.764,1.867,1.809,1.899,1.814,1.934,1.802,1.894,1.789,1.888,1.778,1.886,1.775,1.913,1.804,1.895,1.829,1.909,1.792,1.871,1.8,1.888,1.81,1.921,1.822,1.929,1.831,1.926,1.785,1.883,1.798,1.923,1.783,1.911,1.753,1.837,1.79,1.891,1.815,1.937,1.79,1.901,1.816,1.934,1.781,1.871,1.794,1.866,1.817,1.919,1.831,1.944,1.814,1.929,1.529,1.677,1.795,1.9,1.78,1.901,1.585,1.737,1.816,1.915,1.797,1.906,1.783,1.888,1.765,1.878,1.775,1.855,1.787,1.864,1.808,1.913,1.783,1.848,1.805,1.907,1.809,1.9,1.816,1.909,1.797,1.877,1.619,1.726,1.602,1.592
2026-10-10,1.784,1.888,1.816,1.918,1.801,1.899,1.807,1.884,1.773,1.878,1.827,1.949,1.801,1.895,1.873,1.995,1.768,1.866,1.811,1.907,1.81,1.941,1.798,1.898,1.791,1.886,1.779,1.891,1.775,1.917,1.805,1.902,1.828,1.907,1.793,1.876,1.796,1.888,1.81,1.92,1.822,1.936,1.831,1.929,1.786,1.888,1.799,1.927,1.782,1.921,1.753,1.84,1.786,1.894,1.809,1.94,1.792,1.907,1.816,1.937,1.779,1.871,1.791,1.866,1.819,1.924,1.833,1.948,1.809,1.932,1.531,1.678,1.798,1.904,1.778,1.91,1.587,1.737,1.814,1.918,1.794,1.903,1.781,1.892,1.767,1.882,1.771,1.86,1.785,1.869,1.805,1.916,1.785,1.849,1.803,1.911,1.81,1.911,1.809,1.913,1.795,1.877,1.619,1.724,1.603,1.594
